{"cameraMode":{"drawMode":0,"name":"Shaded","section":"Shading Mode"},"sceneLighting":false,"audioPlay":false,"sceneViewState":{"showFog":false,"showMaterialUpdate":false,"showSkybox":false,"showFlares":false,"showImageEffects":false,"showParticleSystems":false},"in2DMode":false,"pivot":{"x":604.5001220703125,"y":428.0999755859375,"z":0.0},"rotation":{"x":0.0026199559215456249,"y":0.4876697063446045,"z":0.0014609284698963166,"w":-0.8730527758598328},"size":541.2380981445313,"orthographic":true}