{"cameraMode":{"drawMode":0,"name":"Shaded","section":"Shading Mode"},"sceneLighting":false,"audioPlay":false,"sceneViewState":{"showFog":false,"showMaterialUpdate":false,"showSkybox":false,"showFlares":false,"showImageEffects":false,"showParticleSystems":false},"in2DMode":false,"pivot":{"x":0.8003000020980835,"y":0.0,"z":0.004999995231628418},"rotation":{"x":0.2150881588459015,"y":-0.4174692630767822,"z":0.08208087086677551,"w":0.8790549039840698},"size":28.649723052978517,"orthographic":true}