{"cameraMode":{"drawMode":0,"name":"Shaded","section":"Shading Mode"},"sceneLighting":false,"audioPlay":false,"sceneViewState":{"showFog":false,"showMaterialUpdate":false,"showSkybox":false,"showFlares":false,"showImageEffects":false,"showParticleSystems":false},"in2DMode":false,"pivot":{"x":7.727439880371094,"y":1.3640003204345704,"z":-2.128999710083008},"rotation":{"x":0.08189813792705536,"y":-0.9062342643737793,"z":0.3598637878894806,"w":0.2062705159187317},"size":2.020829200744629,"orthographic":true}